滴滴,5415
司机,1670
乘客,584
客服,530
游戏,509
公司,507
全文,408
平台,408
师傅,227
快车,220
电话,216
玩家,210
顺风,209
手机,207
订单,204
时间,190
出租车,189
网约,172
垃圾,169
北京,159
视频,148
小时,143
软件,140
上车,124
车主,120
系统,118
情况,111
专车,100
地方,98
世界,98
柳青,94
用户,87
功能,87
朋友,87
城市,86
事情,76
感觉,75
行程,71
画面,70
消费者,69
车辆,68
路线,66
中国,66
上海,65
定位,65
绕路,65
信息,65
目的地,64
回家,64
企业,64
费用,63
体验,62
东西,60
价格,59
态度,59
模式,56
交通,55
地点,53
上线,52
块钱,52
原因,52
车费,52
行业,51
单车,51
客户,51
玩法,49
私家车,49
办法,48
头条,47
美团,47
罚款,47
路程,46
成都,46
数据,45
社会,45
业务,45
部门,44
市场,44
方式,44
评价,44
杭州,44
汽车,43
事件,42
收费,41
链接,41
恶心,40
素质,40
故事,39
责任,39
黑车,39
合法,39
风格,38
骗子,38
客人,38
机场,38
网页,38
报警,37
武汉,37
规则,37
女性,37
文章,36
国家,36
经历,35
乘车,35
新闻,34
疫情,34
深圳,33
全国,33
互联网,33
代驾,32
人工,32
记录,32
哈尔滨,32
试运营,32
主角,31
元素,30
地图,30
南京,30
利益,30
冒险,30
东莞,30
网约车,30
产品,30
西安,30
理由,30
营运,30
油钱,29
技术,29
英雄,29
能力,29
背景,28
建议,28
公平,27
厦门,27
人员,27
核实,27
角色,27
关卡,27
计费,26
方案,26
官方,25
作品,25
怪兽,25
敌人,25
屏幕,25
单子,25
心情,25
支付宝,24
程维,24
手机号,24
距离,24
职业,24
全球,24
奇葩,24
智慧,23
标准,23
账号,23
物品,23
小区,23
学校,23
油费,23
科技,23
青岛,23
内容,22
战略,22
怪物,22
有限公司,22
成交率,22
短信,22
医院,22
经典,22
权益,22
过程,22
车牌,21
地址,21
车子,21
计划,21
专员,21
魔法,21
同事,21
剧情,21
日本,20
政府,20
太原,20
常州,20
中心,20
音乐,20
女孩,20
曹操,20
国际,20
服务态度,20
酒店,20
五星,20
起步价,20
生气,20
时代,20
消息,20
补贴,19
样子,19
摩拜,19
经济,19
黄车,19
拼车,19
明白,19
坑人,19
女生,19
顾客,18
鞍山,18
评论,18
维权,18
孩子,18
解决问题,18
骗人,18
小心,18
问问,18
马路,18
利用,18
流水,18
场景,18
机会,18
关系,18
谢谢,17
关机,17
老百姓,17
风险,17
效果,17
火车站,17
后台,17
领域,17
车型,17
公交,17
动作,16
石家庄,16
长沙,16
百度,16
原本,16
涨价,16
速度,16
技能,16
信任,16
辣鸡,16
口罩,16
跑车,16
经理,16
网友,16
老子,16
大众,16
差劲,16
封号,15
核心,15
条件,15
资源,15
红包,15
历史,15
录音,15
丰田,15
规划,15
大叔,15
尼玛,15
约车,15
广州,15
韩国,15
画风,14
美女,14
客户端,14
飞机,14
苏州,14
太空,14
手游,14
广场,14
苹果,14
人物,14
协商,14
语音,14
合肥,14
县城,14
家庭,14
济南,14
团队,14
主题,14
地下城,14
好人,14
网络,14
僵尸,14
女子,14
页面,14
题材,14
品牌,14
沈阳,14
优惠券,14
车门,14
目标,14
方向,14
下单,14
按钮,14
项目,14
人类,14
黑心,14
大战,14
宿迁,14
合作伙伴,13
桔程,13
专业,13
高峰期,13
高峰,13
益智,13
道具,13
小桔,13
外地,13
高铁,13
关键,13
醉酒,13
力量,13
作弊,13
号码,13
无锡,13
损失,13
漏洞,13
令人,13
郑州,13
目的,12
武器,12
电脑,12
新车,12
广告,12
几块钱,12
程度,12
智能,12
旗下,12
天气,12
法律,12
障碍,12
策略,12
事故,12
战士,12
爆料,12
贡献,12
女孩子,12
泉州,12
逻辑,12
错误,12
价钱,12
条款,12
环境,12
解决方案,12
效率,12
差点,12
战争,12
卡牌,12
差评,12
用车,12
美国,12
报告,12
同学,12
宁波,12
权利,11
传统,11
交易,11
帐号,11
选项,11
花园,11
干嘛,11
现金,11
信用,11
曝光,11
大哥,11
方法,11
车站,11
老板,11
协议,11
动物,11
流程,11
渠道,11
潍坊,11
新浪,11
王国,11
独角兽,11
遭遇,11
三国,11
酒吧,11
忍者,11
南通,11
方块,11
账户,11
现象,11
高德,11
租金,11
公安,11
私下,11
流氓,11
图片,11
名字,11
版本,11
集团,11
印象,11
停车费,11
态度恶劣,10
学生,10
大爷,10
霸王,10
不合理,10
事儿,10
盈利,10
优势,10
青桔,10
小游戏,10
被扣,10
机器人,10
打了个,10
证明,10
上帝,10
界面,10
大厦,10
雄县,10
负责人,10
红绿灯,10
工作日,10
骑士,10
恐龙,10
遗失,10
买车,10
的士,10
舞台,10
孙子,10
空车,10
评分,10
像素,10
海盗,10
办理,10
商场,10
区域,10
习惯,10
星级,10
拉客,10
单位,10
星球,10
文化,10
钱包,10
骂人,10
货车,10
制度,10
证据,10
地球,10
开发商,10
服务费,10
调度,10
宠物,10
学院,10
公众,10
状态,10
租车,10
下线,10
线下,10
驾驶员,10
漫画,10
政策,10
规范,9
领导,9
拼友,9
关心,9
成本,9
会员,9
车牌号,9
机关,9
重庆,9
媒体,9
小孩,9
能量,9
机制,9
魔幻,9
视角,9
英国,9
少女,9
我会,9
起点,9
华为,9
文明,9
无人,9
警方,9
意见,9
创始人,9
形式,9
聊天,9
处理结果,9
钓鱼,9
附加费,9
外地人,9
太坑,9
大学生,9
发票,9
金额,9
高架,9
顺路,9
公交站,9
气死,9
高手,9
义务,9
公园,9
市民,9
总部,9
浪费,9
傅,9
一键,9
女司机,9
神州,9
黑色,9
安全带,9
事实,9
加盟,9
队伍,9
市区,9
地区,9
现实,9
雷锋,9
公交车,8
广汽,8
幽灵,8
动作游戏,8
现场,8
血汗钱,8
个车,8
俄罗斯,8
所有人,8
视觉,8
消失,8
重力,8
新手,8
奇幻,8
体会,8
意识,8
司乘,8
员工,8
车程,8
生物,8
后座,8
按键,8
专家,8
内心,8
面包车,8
出租汽车,8
时长,8
伙伴,8
全民,8
世纪,8
亡灵,8
实力,8
措施,8
空间,8
物理,8
借口,8
诚信,8
塔防,8
途经,8
昆明,8
停车场,8
程序,8
红灯,8
基础,8
大学,8
陷阱,8
排队,8
足球,8
车队,8
身份证,8
利润,8
天津,8
登场,8
飞船,8
资料,8
推卸责任,8
公告,8
肺炎,8
战役,8
上市,8
押金,8
对面,8
家人,8
全程,8
门槛,8
宝马,8
西安市,8
月入,8
保险公司,8
物语,8
腾讯,8
整治,8
行人,8
买单,8
气愤,8
路况,8
单身,8
社区,8
话题,8
司C,8
摇杆,8
分数,8
套路,8
保安,8
交通事故,8
白色,8
情绪,8
摩托,8
嘉兴,8
经验,8
质量,8
风景,8
谜题,8
返程,7
老公,7
客运,7
女神,7
宣城,7
无故,7
美丽,7
国网,7
连云港,7
流量,7
精神,7
总裁,7
水果,7
油门,7
裁员,7
出去玩,7
人工智能,7
星星,7
领先,7
热门,7
安康,7
宝骏,7
食物,7
小镇,7
意义,7
道路,7
头条新闻,7
手机号码,7
争议,7
落地,7
小姐姐,7
卡通,7
咖啡,7
负面,7
账单,7
公正,7
虹桥,7
机构,7
实习生,7
男人,7
宇宙,7
月份,7
时光,7
优惠卷,7
人民币,7
大冒险,7
舆论,7
火车,7
障碍物,7
黄牛,7
代表,7
隧道,7
外星人,7
口碑,7
味道,7
华丽,7
高达,7
照片,7
老婆,7
好友,7
脑子,7
山东,7
东风,7
语气,7
汕头,7
维京,7
要素,7
杀人,7
凯美瑞,7
惠州,7
里程,7
价值,7
暗影,7
南昌,7
投诉无门,7
噩梦,7
吉利,7
头像,7
分公司,7
兰州,7
星际,7
戴威,6
智障,6
节奏,6
银行,6
规矩,6
部队,6
轨迹,6
太久,6
地铁,6
哥哥,6
幻想,6
阿云嘎,6
新政,6
水母,6
人性,6
空调,6
水平,6
天桥,6
上路,6
北京市,6
叔叔,6
黄山,6
日子,6
全职,6
资金,6
站点,6
颜色,6
地位,6
父母,6
网站,6
事业,6
派出所,6
贷款,6
下雨天,6
老师,6
管理处,6
资格,6
典型,6
人间,6
大城市,6
真是太,6
大陆,6
倡议,6
人民日报,6
类型,6
春运,6
家园,6
区别,6
博士,6
名单,6
烟台,6
兄弟,6
极差,6
等候,6
职场,6
乱收费,6
难题,6
整体,6
泰安,6
线索,6
资本,6
引擎,6
货运,6
人命,6
广东,6
新冠,6
森林,6
屏蔽,6
门店,6
来源,6
言语,6
人生,6
蔬菜,6
精灵,6
阵营,6
校区,6
段时间,6
标签,6
高尔夫,6
通话,6
电话号码,6
士兵,6
计价,6
记忆,6
老总,6
今天下午,6
玩具,6
社交,6
气氛,6
男性,6
特色,6
音效,6
摄像头,6
新作,6
财富,6
拼团,6
路费,6
战场,5
内置,5
想象,5
技巧,5
超人,5
智商,5
理论,5
天子,5
不值钱,5
形象,5
妈妈,5
总体,5
绿色,5
名下,5
谎称,5
小转弯,5
恶龙,5
房间,5
陪伴,5
王兴,5
纵容,5
人性化,5
星系,5
陕西,5
玩意,5
子公司,5
一辆车,5
色彩,5
无辜,5
天空,5
重点,5
款车,5
声音,5
之刃,5
右转,5
时间段,5
自行车,5
战锤,5
心理,5
基地,5
演员,5
公关,5
前提,5
协会,5
银河,5
公共交通,5
细节,5
害人,5
隆昌,5
扬州,5
工作人员,5
新能源,5
任性,5
班车,5
抗议,5
因素,5
福利,5
副总裁,5
玉林,5
整理,5
大使,5
媳妇,5
触屏,5
道理,5
岳阳,5
精彩,5
道德,5
师父,5
行星,5
后备箱,5
质问,5
首席,5
蓝色,5
感情,5
两块钱,5
灵魂,5
京报,5
牌照,5
绍兴,5
牙齿,5
小明,5
街机,5
服务行业,5
洗车,5
人口,5
欧洲,5
错路,5
指导,5
口袋,5
外星,5
花钱,5
记者,5
电动,5
佛山,5
福州,5
亮点,5
业余,5
电子商务,5
高价,5
脾气,5
时期,5
梦幻,5
起码,5
助力,5
底线,5
热情,5
群众,5
傻子,5
即时战略,5
人气,5
余额,5
礼拜,5
十块钱,5
危机,5
该游戏,5
太阳,5
卧槽,5
法师,5
人能,5
世界观,5
车祸,5
濮阳,5
熊熊,5
本作,5
勇士,5
手续费,5
商业,5
空气,5
坐地,5
交流,5
平板,5
味儿,5
入口,5
价位,5
路段,5
节省,5
解密,5
亲戚,5
压力,5
力度,5
小队,5
太晚,5
洞穴,5
指派,5
命运,5
大妈,5
现金支付,5
地铁站,5
中学,5
箱子,5
毛钱,5
动态,5
策划,5
植物,5
智利,5
小伙伴,5
滨州,5
自带,5
工业,5
昆虫,5
公益,5
陌生,5
上饶,5
大巴,4
日照,4
用心,4
名胜区,4
大会,4
诸神,4
动画,4
月薪,4
豪华车,4
游客,4
好心,4
大酒店,4
充值,4
符合要求,4
投票,4
北站,4
都还没,4
小路,4
办公室,4
特斯拉,4
命案,4
信阳,4
地带,4
技术人员,4
眼球,4
商品,4
吸血鬼,4
馒头,4
案件,4
例子,4
开放平台,4
车况,4
西工大,4
时尚,4
热线,4
河北,4
车载,4
服务质量,4
糖果,4
金融,4
热区,4
办事,4
快讯,4
公社,4
电动车,4
季度,4
估值,4
流水账,4
联网,4
啊啊啊,4
眼睛,4
深度,4
便民,4
心想,4
探险,4
公民,4
圈钱,4
齐全,4
大道,4
条路,4
新区,4
金肉,4
江苏,4
海洋,4
阶段,4
南站,4
手段,4
创业,4
名称,4
太贵,4
A轮,4
线路,4
进程,4
总量,4
猴子,4
冒险游戏,4
豪车,4
乔巴,4
患者,4
友人,4
电影,4
象山,4
美食,4
长大,4
喇叭,4
医护,4
大师,4
邮箱,4
四川,4
爆米花,4
张勇,4
昆山,4
时段,4
算法,4
比特,4
时空,4
出发地,4
传奇,4
生态,4
滑块,4
成员,4
人脸识别,4
人品,4
爷爷,4
金华,4
全责,4
亏本,4
办事处,4
全资,4
岗位,4
黑名单,4
客服部,4
临沂,4
礼貌,4
执法人员,4
球队,4
男朋友,4
消毒水,4
徐汇区,4
激情,4
表情,4
坏人,4
天使,4
宾馆,4
走路,4
变相,4
身体,4
手动,4
海狸,4
密码,4
贱人,4
口气,4
儿童,4
机械,4
大大的,4
哥们,4
处境,4
细则,4
差价,4
罗布泊,4
兔子,4
脏话,4
江宁,4
粤港澳,4
土地,4
地面,4
角度,4
刘某,4
废话,4
女士,4
航班,4
通风,4
成年人,4
饥饿,4
红色,4
高度,4
电话费,4
库存,4
成都市,4
房子,4
欧美,4
首汽,4
全额,4
奇特,4
透明度,4
爸爸,4
大桥,4
帝国,4
俞军,4
龙岩,4
客服热线,4
小鱼,4
安全性,4
品质,4
中国移动,4
城堡,4
肢体,4
登机,4
百姓,4
狗屁,4
产业,4
病毒,4
大作,4
人体,4
终极,4
商家,4
小狗,4
乐山,4
废品,4
铜陵,4
定律,4
蚯蚓,4
车牌号码,4
景点,4
南充,4
妹妹,4
Q版,4
丽水,4
体系,4
警告,4
蚂蚁,4
男生,4
交管部门,4
户籍,4
大佬,4
姑娘,4
队友,4
曾厝,4
人群,4
驾驶证,4
生病,4
淘宝,4
史诗,4
浪费时间,4
思路,4
过分,4
俱乐部,4
作家,4
南门,4
寒心,4
群体,4
另类,4
中文,4
探险家,4
医生,4
受害者,4
战队,4
金币,4
岛屿,4
天理难容,4
原地,4
郴州,4
打人,4
点滴,4
假装,4
激光,4
大湾,4
异地,4
公会,4
战术,4
扫码,4
城镇,4
案例,4
一口价,4
故障,4
罚单,4
氛围,4
荣耀,4
萍乡,4
哈罗,4
副业,3
神仙,3
毛病,3
友情,3
抗压,3
收车,3
电动汽车,3
陌生人,3
海南,3
山谷,3
假日酒店,3
败类,3
座位,3
私信,3
歌单,3
蜘蛛,3
贵重,3
旅程,3
西湖区,3
雪地,3
记录仪,3
主人,3
职业道德,3
离线,3
滴车,3
深圳市公安局,3
责任心,3
直观,3
朋友圈,3
边缘,3
框架,3
海滩,3
荣誉,3
鄂尔多斯,3
秘密,3
绵羊,3
离家,3
市场监管,3
大脑,3
罪恶,3
东南西北,3
空姐,3
顺序,3
跨平台,3
故事情节,3
复制粘贴,3
外国,3
巫师,3
案发,3
身份,3
女主,3
分值,3
对策,3
玩儿,3
品种,3
同类,3
漫长,3
上岗,3
验证码,3
跨城,3
命名,3
寒风,3
概率,3
服气,3
零食,3
离谱,3
子弹,3
专坑,3
信誉,3
内蒙古,3
影城,3
电视剧,3
车龄,3
投资人,3
场面,3
随州,3
电影票,3
战略目标,3
过户,3
学雷锋,3
娃娃,3
标记,3
奇缘,3
比亚迪,3
数学,3
上下车,3
监狱,3
中央,3
爱车,3
电台,3
封路,3
手指,3
董事长,3
规章制度,3
台车,3
上车时,3
小精灵,3
小事,3
挑战性,3
王者,3
快速通道,3
特地,3
金钱,3
比例,3
罪犯,3
会议,3
信心,3
动漫,3
方向盘,3
滑雪,3
洋气,3
无人岛,3
武士,3
死机,3
火柴,3
风暴,3
发消息,3
梦想,3
冰岛,3
程序员,3
运营商,3
非洲,3
特拉,3
缺点,3
画质,3
一流,3
计时,3
发布公告,3
老师傅,3
光谷,3
拜托,3
赛道,3
开屏,3
评议会,3
女人,3
玩游戏,3
骑士团,3
目录,3
布置,3
傲娇,3
风神,3
东营,3
思科,3
大马路,3
天理,3
特惠,3
客气,3
日报,3
大头,3
唱歌,3
南阳,3
天价,3
使用者,3
责任感,3
铁路,3
同伴,3
心寒,3
车点,3
主体,3
阿里巴巴,3
爸妈,3
旅途,3
刘备,3
一家人,3
三轮车,3
主人公,3
亲爹,3
办事效率,3
真棒,3
指挥官,3
宝藏,3
表面,3
应用程序,3
活儿,3
战斗机,3
隐患,3
食肉,3
立柱,3
理念,3
弹幕,3
服务平台,3
小岛,3
构筑,3
从业者,3
画家,3
圣殿,3
奥迪,3
人物造型,3
价格比,3
精英,3
挖坑,3
木材,3
事务,3
夏侯,3
女儿,3
建筑,3
情怀,3
原著,3
太原市,3
有券,3
转型,3
小时候,3
张口,3
婚礼,3
大雨,3
文件,3
畜生,3
有权,3
资质,3
守卫者,3
材料,3
摩天大楼,3
刹车,3
中南,3
运球,3
校园,3
印度,3
军队,3
头脑,3
和平,3
珠海,3
男子,3
优质,3
遂宁,3
脖子,3
东四环,3
闲暇,3
石沉大海,3
年度,3
马赛克,3
急事,3
大门,3
屁股,3
单人,3
合法权益,3
一段距离,3
外村,3
攻击方式,3
小车,3
城市交通,3
念头,3
水晶,3
艾莎,3
邮件,3
户口,3
英灵,3
全世界,3
思维,3
温馨,3
死货,3
资格证,3
丛林,3
赖皮,3
今天上午,3
兵种,3
缺德,3
人士,3
人为,3
小哥,3
数字化,3
工作者,3
毕业,3
巧干,3
给我发,3
链信,3
新手机,3
永远都是,3
大路,3
路痴,3
回合制,3
骰子,3
莱芜,3
对话,3
点数,3
新鲜,3
皮包公司,3
霸道,3
安利,3
五环,3
骚扰电话,3
能源,3
收款,3
台湾,3
商店,3
睁眼,3
医护人员,3
大鼻子,3
软银,3
痛点,3
数量,3
分局,3
心声,3
关门,3
合格,3
极具,3
工程学,3
泰州,3
蚌埠,3
好气,3
巨作,3
黑白棋,3
车行,3
省略,3
柳总,3
咸阳,3
死光,3
前线,3
形状,3
孟先生,3
闯红灯,3
种族,3
父亲,3
姓名,3
妹子,3
车租,3
强盗,3
个人利益,3
安徽,3
蜘蛛侠,3
霸气,3
绘画,3
热点,3
动手,3
李易峰,3
发动机,3
零点,3
交通委,3
球形,3
信赖,3
微信,3
庄园,3
群主,3
生命安全,3
供需,3
报案,3
容城,3
两地,3
行李,3
条约,3
放学,3
宝宝,3
人肉,3
勇气,3
萤火虫,3
巨头,3
文字,3
节约,3
中关村,3
左转,3
单呢,3
新村,3
客栈,3
天才,3
收费站,3
身心,3
脑袋,3
理会,3
沙滩,3
时刻,3
素材,3
岗位职责,3
惨案,3
海盗王,3
手机卡,3
大地,3
卡罗,3
小姐,3
高管,3
成份,3
高科技,3
神经,3
汉化版,3
管理者,3
解决办法,3
代入,3
细心,3
大片,3
司服,3
实则,3
车库,3
新鲜事,3
付现金,3
定价,3
读书,3
亲们,3
特技,3
格斗游戏,3
软件园,3
外国人,3
罗胖,3
小子,3
弟弟,3
夫妻俩,3
种子,3
方舟,3
帽子,3
股东,3
中国消费者协会,3
伤心,3
钢铁,3
克威尔,3
通灵,3
态度强硬,3
永康,3
价格战,3
村庄,3
张家界,3
缘分,3
骑车,3
信号,3
设施,3
精准,3
危害,3
快报,3
商量,3
行车,3
灯泡,3
电子,3
往后面,3
美院,3
晚点,3
英雄传,3
热血,3
什马,3
盲目,3
专职,3
当地人,3
冰雪,3
公安局,3
前段时间,3
胡润,3
王先生,3
焦点,3
精心,3
上班族,3
马云,3
敬业,3
老实,3
时隔,3
民众,3
题目,3
功夫,3
衡阳,3
装备,3
个头,3
战局,3
光影,3
黄金眼,3
钢笔,3
恶魔,3
工具,3
双黄连,3
年限,3
方格,3
个人信息,3
上海市,3
老年人,3
消耗,3
车能,3
男孩,3
活人,3
面纱,3
管理制度,3
老实人,3
人理,3
维拉,3
盗贼,3
投胎,3
爱心,3
情形,3
油耗,3
瓶水,3
声称,3
套牌,2
高高兴兴,2
汽车资讯,2
紫薯,2
封信,2
硝烟,2
魔法师,2
大阪,2
色卡,2
驾龄,2
军事,2
全勤奖,2
跟随者,2
首款,2
三明治,2
家伙,2
战火,2
高校,2
开学,2
黑手,2
麦克,2
公安部门,2
东路,2
时称,2
杭锦旗,2
妹纸,2
巴西,2
东方航空,2
王俊凯,2
口头,2
新人,2
李建军,2
瞎眼,2
专属,2
秩序,2
名义,2
经营范围,2
地牢,2
鳄鱼,2
年龄,2
人工费,2
奥尔塔,2
全城,2
基友,2
财宝,2
薛之谦,2
昌平区,2
新闻网,2
之山,2
历险记,2
近路,2
转业军人,2
店面,2
惯性,2
外滩,2
毛收入,2
上楼,2
工作量,2
之城,2
主干道,2
五菱,2
开发区,2
芝加哥,2
幼龙,2
大方,2
财产,2
银河系,2
暗箱,2
索性,2
电商,2
派车,2
任何理由,2
车手,2
私人,2
女性朋友,2
猪头,2
牌车,2
别坑,2
田螺,2
同感,2
紫云,2
幻月,2
李健,2
黑猫,2
国家标准,2
致力于,2
中世纪,2
小嘎,2
如祺,2
房屋,2
同志,2
无语,2
贵司,2
瑞幸,2
众人,2
智能化,2
无力,2
占据主动,2
备案,2
游记,2
心思,2
校车,2
存量,2
屠龙,2
哔哩,2
风口浪尖,2
坐火车,2
党员,2
饮用,2
无情,2
江湖,2
廊坊,2
踢皮球,2
实在话,2
青春,2
网游,2
桔车,2
字母,2
小巴,2
法则,2
共同体,2
心动,2
空旷,2
正太,2
使用率,2
用处,2
深圳市,2
竞技,2
坑里,2
柠檬,2
盖章,2
体育中心,2
行车证,2
涞水,2
音,2
车服,2
爆单,2
夜班,2
烧纸,2
全国性,2
唐山,2
剑影,2
深圳市政府,2
剑圣,2
啸虎,2
祸害,2
摩托车,2
惠安县,2
新款,2
预防针,2
闹剧,2
老弟,2
挪车,2
救火队,2
省钱,2
福音,2
别墅,2
让你在,2
台州,2
银行贷款,2
犯罪分子,2
废物,2
都市,2
本土,2
蠕虫,2
小鸟,2
安全感,2
供应商,2
部际,2
泰迪,2
单太远,2
蜻蜓,2
斗气,2
交通局,2
水分,2
一族,2
安静,2
死者,2
笑话,2
第一人称,2
太黑,2
洛奇,2
铅笔,2
运政,2
网络平台,2
门卫,2
过头,2
石窟,2
保龄球,2
吸取教训,2
组队,2
炼金术,2
定点,2
画线,2
佣金,2
饭钱,2
替人,2
丧车,2
车把,2
不识路,2
滁州,2
长安,2
良性,2
棒棒,2
谎话,2
嘴脸,2
地狱,2
权力,2
开网,2
愿景,2
环节,2
剧团,2
歇斯底里,2
移动游戏,2
单方面,2
区块,2
坐飞机,2
总经理,2
面包,2
盔甲,2
影响力,2
叫车,2
明星,2
店长,2
代价,2
卧虎藏龙,2
白胡子,2
托克,2
保时捷,2
伐木工,2
起跑线,2
手机游戏,2
淮北,2
观点,2
整改措施,2
高速公路,2
层层,2
胃部,2
警察局,2
宰客,2
市长,2
可抑制,2
妈呀,2
规模,2
蒸汽,2
工单,2
满意度,2
帅哥,2
高楼,2
科技园,2
大腿,2
瑞亚,2
运气,2
将会,2
总局,2
寝室,2
狗子,2
指向,2
力图,2
乘网,2
画师,2
全家,2
蜀国,2
违约金,2
艾玛,2
魔足,2
巨量,2
孤儿,2
大厂,2
服务商,2
厚道,2
督导员,2
益智类,2
阴森,2
给你个,2
语种,2
交通部门,2
朝阳区,2
心愿,2
行政,2
阴冷,2
答案,2
鸭子,2
东南,2
新娘,2
一事,2
居家,2
布局,2
计算方法,2
众筹,2
奶酪,2
池州,2
疼痛,2
丁香,2
起亚,2
佳作,2
电车,2
事发,2
阿里,2
周先生,2
刷单,2
诺斯,2
业务人员,2
做题,2
坏蛋,2
莫里亚,2
图形,2
蜀黍,2
收益,2
大润发,2
造型,2
车道,2
胡祥宝,2
动物园,2
空子,2
暴雨,2
麦克米伦,2
帅气,2
飞机票,2
媒体报道,2
传媒,2
学堂,2
远距离,2
衣食住行,2
背包,2
老哥,2
小猪,2
民工,2
区县,2
多长时间,2
气炸,2
远古,2
三界,2
扬言,2
老二,2
掌舵者,2
舅舅,2
赢家,2
苍蝇,2
土豪,2
一体,2
口服液,2
手套,2
步兵,2
迪斯科,2
张博,2
麻花,2
镰池,2
电瓶车,2
山西,2
食品,2
烧油,2
谜案,2
序章,2
海水,2
全网,2
系统漏洞,2
共和国,2
彩色,2
运管处,2
车贷,2
估价,2
称号,2
苍之,2
站台,2
胡萝卜,2
银行卡,2
镜子,2
小说,2
号角,2
门派,2
动力,2
地库,2
人渣,2
鬼话,2
星灵,2
购物中心,2
艺术品,2
里尔,2
煤饼,2
变态,2
二手车,2
好感,2
格斗,2
内存,2
严肃处理,2
白金,2
助长,2
作画,2
盖茨,2
南涧,2
年轻人,2
马鞍山,2
半死,2
总数,2
福摩沙,2
法律责任,2
崔峰,2
读心术,2
明珠,2
战斗力,2
湖州,2
坐垫,2
原谅,2
万众,2
亲卫,2
流线,2
三亚旅游,2
脱险,2
口红,2
颜嫣,2
奸商,2
屁事,2
宝鸡,2
钱数,2
罪过,2
老版,2
服务业,2
肇事,2
钥匙,2
热力,2
模块,2
拿破仑,2
原料,2
隐形,2
挂机,2
状况,2
后果,2
主w,2
苦衷,2
捷达,2
狩猎,2
龙海市,2
脾气好,2
过渡期,2
满车,2
下车时,2
趣味,2
荣县,2
学园,2
艺术,2
老头,2
设法,2
前作,2
看点,2
竞争对手,2
具体内容,2
热水,2
事宜,2
热议,2
预告片,2
赣州,2
形态,2
水手,2
石块,2
策略性,2
聊微信,2
人民网,2
笔记本电脑,2
行情,2
步行,2
小红帽,2
检查组,2
极品,2
乌鲁木齐,2
衢州,2
全部都是,2
松岗,2
脸色,2
大王,2
明朗,2
安全部,2
洪流,2
迷宫,2
江滩,2
车技,2
排行榜,2
研究院,2
消耗品,2
呼和浩特,2
价值观,2
西亚,2
原创,2
权限,2
弹药,2
临平,2
神射手,2
伤人,2
做好事,2
星差,2
神殿,2
群英,2
有效率,2
满天飞,2
好运,2
西瓜,2
吃素,2
董事,2
东站,2
单机,2
火箭,2
赔点,2
进攻方,2
海之,2
司法,2
定单,2
生生,2
同胞们,2
永州,2
费时费力,2
幌子,2
荒野,2
口角,2
行李箱,2
快节奏,2
心态,2
凶手,2
阳光城,2
阿斯,2
过河,2
王师傅,2
雅虎,2
镜头,2
返券,2
天大,2
合法利益,2
多谢,2
男女,2
济阳,2
票价,2
冒险王,2
交管,2
火热,2
豪庭,2
小球,2
右手,2
校门口,2
地形,2
份子,2
滴辆,2
章节,2
航空,2
许可证,2
特权,2
品行,2
滋味,2
挫折,2
地核,2
方形,2
叶子,2
标志,2
奥诺,2
就业机会,2
头绪,2
徐州,2
乔治,2
中将,2
电影院,2
吉安,2
机器,2
首创,2
黄金矿工,2
战轨,2
信箱,2
大风,2
小伙子,2
混蛋,2
公安机关,2
哥斯达黎加,2
河南,2
带狗,2
高层,2
人脸,2
都市报,2
责令,2
玩点,2
潜力,2
戏耍,2
排座位,2
小型车,2
鞋子,2
意愿,2
偏向,2
海难,2
指点,2
要价,2
花式,2
总结报告,2
新闻周刊,2
末路,2
天马行空,2
香水,2
实施细则,2
法律法规,2
条条,2
市中心,2
城西,2
大洋,2
澳大利亚,2
邯郸,2
游历,2
小雨,2
本质,2
第一版,2
期限,2
时效,2
管理局,2
城区,2
西客站,2
盐田,2
池塘,2
李女士,2
车夫,2
笔身,2
日记,2
外形,2
任何借口,2
包头市,2
点儿,2
军团,2
财经,2
话语权,2
公分,2
本地人,2
灰色,2
业态,2
等待时间,2
联系人,2
通告,2
武汉大学,2
半岛,2
餐用,2
弊端,2
载客,2
戴夫,2
古墓,2
伊邪,2
账户就,2
法制日报,2
仓鼠,2
剪影,2
元券,2
痕迹,2
莲东,2
工厂,2
将车,2
领路,2
盛世,2
太烂,2
非京,2
神经病,2
暴力,2
充分利用,2
特征,2
收场,2
立交桥,2
联机,2
宝石,2
精髓,2
证实,2
南昌市,2
大单,2
老人,2
无端,2
富盈,2
认证码,2
陈维,2
饲料,2
复读机,2
权威,2
奶奶,2
公寓,2
晚报,2
特产,2
谷仓,2
网罗,2
儿子,2
工作室,2
平面,2
指标,2
专业户,2
满足用户,2
警车,2
潮州,2
胡乱,2
泡汤,2
中古世纪,2
派兵,2
悲剧,2
新一轮,2
古城,2
彩虹,2
炮塔,2
路政,2
普通话,2
手绘,2
好事,2
墨西哥,2
职位,2
反省,2
绿灯,2
揭阳,2
光明,2
路店,2
文艺,2
写日记,2
外传,2
降级,2
冷风,2
符号,2
比车,2
真他妈,2
袜子,2
小伙,2
头套,2
沙滩车,2
客诉,2
球员,2
香港,2
魔者,2
面向,2
竞技场,2
九江,2
扑克,2
发文,2
手写,2
乌鸦,2
重武器,2
过路费,2
合乘,2
真坑,2
新华书店,2
真差,2
商业街,2
招式,2
激流,2
眼泪,2
异变,2
我心,2
滚蛋,2
毛利,2
花费,2
鬼车,2
人数,2
活雷锋,2
智力,2
对象,2
公司地址,2
制造商,2
步数,2
张家港市,2
中东,2
仙侠,2
肇庆,2
总队,2
朋友家,2
战绩,2
口音,2
小钱,2
连某,2
智勇,2
猎手,2
途径,2
大统,2
银灰色,2
信件,2
蛋糕,2
行径,2
海峡,2
勾勒,2
草稿,2
风泉,2
北京西站,2
古老,2
家乡,2
邢台,2
接机,2
安全类,2
驯服,2
粉丝,2
智能手机,2
弹球,2
掠夺者,2
时代广场,2
梦色,2
深圳机场,2
车会,2
男主人,2
通知书,2
王八蛋,2
产物,2
养家,2
密集,2
方可,2
上衣,2
规划师,2
理工大学,2
总计,2
出院,2
指划,2
算数,2
悟空,2
羊毛,2
插画,2
背景音乐,2
女主角,2
紫阳,2
车窗,2
思念,2
该软件,2
教师,2
群英传,2
青州市,2
男主,2
芙蓉,2
温泉,2
北广场,2
宝物,2
拉黑,2
山寨,2
贼船,2
老手,2
靠边,2
几毛钱,2
直升机,2
言辞,2
因涉嫌,2
玉米,2
认真负责,2
树袋熊,2
湖北,2
儿戏,2
有车,2
救护车,2
营业,2
无限期,2
阿尔龙,2
感谢费,2
大限,2
轿车,2
魔物,2
战神,2
快艇,2
补卡,2
成功率,2
零星,2
苏荷,2
大大方方,2
日式,2
横板,2
真菌,2
辟谣,2
灾难,2
省事,2
希腊,2
凌晨时分,2
视觉效果,2
新大陆,2
毁灭公爵,2
诱人,2
性感,2
牛仔,2
战将,2
妈蛋,2
铁定,2
通州,2
火灾,2
科学,2
政府部门,2
粒粒,2
葫芦兄弟,2
克扣,2
隐士,2
披萨,2
游戏机,2
魅力,2
主打,2
福建,2
定金,2
法定代表,2
信息费,2
师机,2
背心,2
行政许可,2
义乌市,2
大雪,2
赛事,2
平安夜,2
泰拉,2
鲁尼,2
商务酒店,2
占领市场,2
真让人,2
立案,2
动车,2
三里屯,2
纪录,2
常规,2
柳州,2
天竺,2
过度,2
架构,2
l款,2
个性,2
天堂,2
开展业务,2
乱象,2
泡泡糖,2
首都国际机场,2
魔力,2
协同,2
网易,2
耳机,2
帝豪,2
卷轴,2
放鸽子,2
二战,2
指路,2
所在地,2
无感,2
丰田汽车公司,2
总算,2
包子,2
景德镇,2
编辑,2
襄阳,2
美的,2
细算,2
砺石,2
原则,2
节奏感,2
搅局,2
油条,2
低分,2
指南,2
拳拳,2
游戏规则,2
埃德蒙,2
昭通,2
桔安,2
安卓,2
知情,2
武平,2
那岐,2
商务,2
坏处,2
德国,2
爱侃,2
平江县,2
卡车,2
龙岗区,2
亲身经历,2
奇瑞,2
信誉度,2
国王,2
富阳,2
高素质,2
办事机构,2
主线,2
长安街,1
在校生,1
电子城,1
赫斯特,1
柏庄,1
野地,1
庄里微,1
金牛座,1
证句,1
我帅,1
劣弧,1
梦魇,1
钢铁行业,1
天水,1
建构,1
晴天,1
盆友,1
阿坝,1
弹珠,1
块券,1
南宁,1
耻辱柱,1
团战,1
个别情况,1
愚民,1
梦中人,1
食堂,1
成都双流机场,1
税收,1
水嘛,1
凤凰,1
遗漏,1
职责,1
毛线,1
心虚,1
冰洞,1
大局,1
和脑,1
墙纸,1
闽闻,1
珀迪,1
联通,1
祈福,1
文创园,1
牵绊,1
读研,1
草泥,1
刘诗诗,1
交通部,1
实事,1
名次,1
音乐学院,1
关羽,1
宋家庄,1
国库,1
狮子座,1
老客户,1
咒语,1
地理,1
音阶,1
话费,1
座椅,1
王沟,1
宏观,1
摄影师,1
迪润,1
空座,1
胶州市,1
母女,1
北漂,1
采油厂,1
光荣,1
合情合理,1
蔚领,1
黑武士,1
技术实力,1
柳传志,1
西站,1
海族,1
古镇,1
不太会,1
之塔,1
语言,1
行驶证,1
真人,1
金马,1
信服,1
充村,1
沿路,1
高空,1
德国科隆,1
国产,1
英国首相,1
洛阳,1
会展中心,1
多劳多得,1
中毒,1
河口,1
主册,1
群里,1
瑕疵,1
蛮力,1
网联,1
舌头,1
所在城市,1
滑板车,1
小学,1
彭州市,1
杀人案,1
河流,1
国画,1
张嘴,1
茶文化,1
众神,1
河北省,1
创作者,1
圆润,1
龙华,1
奶茶,1
开采区,1
当理,1
志愿者,1
里弗,1
操操,1
导航系统,1
鬼屋,1
贵阳,1
红星,1
图像,1
异味,1
医治,1
地震,1
两面性,1
曲棍球,1
安新三县,1
神圣,1
高超,1
白灵熊,1
美林,1
代理,1
衢江区,1
误车,1
都城,1
承担费用,1
动作键,1
黑社会,1
医务人员,1
饮酒,1
中间商,1
运管局,1
谐趣,1
名人堂,1
技工学校,1
住址,1
敢死队,1
神话,1
好书,1
贫民,1
诚招,1
前路,1
计分,1
省会,1
灰村,1
三环,1
探索性,1
天津人,1
托槽,1
都江堰市,1
恩仇,1
户名,1
做派,1
阶层,1
思密达,1
脉冲,1
服务中心,1
新疆师范大学,1
晨报,1
后车,1
日报社,1
宁波网,1
响应速度,1
普陀区,1
新华日报,1
冷漠,1
水准,1
尼古丁,1
封印,1
道德感,1
小丑,1
高炉,1
动态效果,1
斯傅,1
坠机,1
毒手,1
灰尘,1
泥巴路,1
老话,1
育碧,1
娘养,1
射速,1
_人,1
畜禽,1
网络安全,1
惠兴街,1
电器,1
画报,1
拳击手,1
历险,1
券后,1
合约,1
依序,1
友山,1
全款,1
犊子,1
甘肃,1
交强险,1
本本,1
私收,1
油价,1
股子,1
寻乌县,1
邮费,1
漫威,1
东山,1
压根,1
卫星,1
客单量,1
蜂鸟,1
西北,1
家属院,1
茶杯,1
神庙,1
绒毛,1
足球城,1
热狗,1
榜样,1
当官,1
股权,1
资本家,1
车号,1
水墨,1
热心,1
栖霞,1
民生问题,1
努力提高,1
岔路,1
高卢,1
背锅,1
爬坡,1
山脉,1
昆仑,1
地质,1
外地口音,1
普通用户,1
洞房花烛,1
拉人,1
家村,1
双肩包,1
凡间,1
巨坑,1
书画,1
闺女,1
爬山,1
驱动力,1
金服,1
废柴,1
名誉权,1
华容道,1
我爸,1
个例,1
中老年人,1
龙店,1
一座座,1
定点医院,1
楼梯,1
私房,1
国土,1
南七,1
费钱,1
深网,1
镇江,1
注意安全,1
史前,1
万科,1
资源整合,1
管理水平,1
服务器,1
奢车志,1
战版,1
走廊,1
无德,1
面世,1
可能性,1
规费,1
强制措施,1
费时,1
女仆,1
顶点,1
落客,1
投影,1
多维度,1
道场,1
民风,1
作案,1
设计师,1
天涯,1
姐带,1
歌曲,1
建筑物,1
妖魔,1
文明用语,1
亲妈,1
精品,1
电瓶,1
小甲,1
结账,1
部位,1
大都市,1
单证,1
注册资本,1
克星,1
海鲜店,1
建设者,1
骨折,1
反应力,1
神剧,1
违约方,1
北路,1
博览园,1
时装,1
火炬,1
气味,1
锦云,1
个别现象,1
空之翼,1
积水,1
气焰,1
静音,1
弓箭手,1
冤枉钱,1
至极,1
虫儿,1
养父,1
图腾,1
私家,1
商业活动,1
个度,1
载人,1
车脏,1
恶语,1
主干,1
泽善,1
黑夜,1
个毛,1
大队,1
跑啦,1
中新网,1
满口,1
白河,1
眼尖,1
北京市工商局,1
车类,1
能源网,1
小费,1
局面,1
汤姆,1
散伙,1
商业城,1
凯迪拉克,1
套数,1
领航者,1
石路奥,1
口味,1
绿洲,1
核心网,1
中拿起,1
陪你玩,1
负数,1
中雨,1
基本操作,1
成果,1
百子,1
秘境,1
飞行器,1
浪潮,1
潮流,1
国人,1
鸡汤,1
龙之谷,1
大纲,1
爱人,1
共识,1
教授,1
赔本,1
当事,1
输入输出,1
申报,1
大网,1
修仙,1
武进,1
轴距,1
省油,1
宏馆,1
军纪,1
邳州市,1
和善,1
花帐,1
螺蛳,1
牌坊,1
先压,1
号院,1
木乃伊,1
秋林,1
名将,1
经营之道,1
宜宾,1
新郎,1
景德镇市,1
百大,1
车云,1
美型,1
哑巴亏,1
价差,1
大海,1
北京地区,1
麦肯锡,1
棱镜,1
沙县,1
保护措施,1
劣势,1
文嵩,1
租房,1
无权,1
加码,1
张柯鹏,1
十里堡,1
降价,1
票圈,1
南辕北辙,1
将书,1
全是,1
失望透顶,1
新浪潮,1
高卢人,1
无业,1
百万富翁,1
螺旋,1
图文,1
绿色通道,1
玉雕,1
定位精度,1
开放日,1
内斯,1
南宫,1
潘,1
车钱,1
蝴蝶结,1
身段,1
药店,1
戏称,1
泳池,1
表态,1
米左右,1
钢城,1
作文,1
法术,1
法安,1
小分队,1
首单,1
腿脚,1
原作,1
掌,1
歌剧,1
洋品,1
天量,1
内能,1
重出江湖,1
滴哥,1
江苏省,1
集体,1
赵雷,1
拉萨,1
爵士,1
瑞纳顶,1
会告,1
饭桶,1
石狮,1
暗礁,1
过把瘾,1
产业链,1
法学,1
死板,1
花园酒店,1
两单,1
插曲,1
太太,1
法国,1
扩散性,1
上将,1
后现代主义,1
存储芯片,1
保卫战,1
极简,1
性能比,1
世贸,1
机主,1
皂白,1
卡夫卡,1
麦肯蒂,1
全被,1
大庆,1
一块钱,1
兴趣,1
编年史,1
小径,1
人围,1
单刀,1
肥事,1
前埔,1
命令,1
喊一声,1
砧板,1
老路,1
综上,1
寻真,1
往里面,1
小绿标,1
大白天,1
恒星,1
耗子,1
运输网,1
图识,1
数刀,1
扑克牌,1
化身,1
福州市,1
接二连三,1
欠款,1
云深,1
剧作家,1
开口,1
机票,1
水军,1
鲁网,1
感兴趣,1
高质量,1
读者,1
荧光,1
棕熊,1
监管局,1
选择权,1
罚分,1
老爸,1
交通法规,1
闲置,1
金鼎轩,1
保护膜,1
虚台,1
桥接,1
路人,1
门面房,1
基尼,1
佳木斯,1
额头,1
青枫,1
鞍山市,1
凯帝斯,1
新康花苑,1
薛振寒,1
两国,1
渗透到,1
医疗,1
顶级,1
里克斯,1
高华,1
整车,1
新快报,1
血色,1
小虫,1
沙盘,1
大气,1
科学考察,1
轩逸,1
官微,1
女声,1
华鑫,1
大姐,1
梁军,1
许昌,1
社区卫生,1
马蹄形,1
玉田,1
道德品质,1
装置,1
起因,1
四环,1
兴坪,1
顶天,1
聚力,1
日志,1
单调,1
渭南,1
韦曲,1
碧莲,1
咨询者,1
龙门,1
大厅,1
职能,1
屋顶,1
浦沿,1
不渣,1
王家,1
餐厅,1
冲击力,1
手感,1
节煤,1
利用效率,1
控制力,1
印品,1
宁静,1
契机,1
分段,1
傻货,1
科幻,1
联合报,1
监管部门,1
工资收入,1
嘉盛,1
五莲县,1
跳河,1
苦主,1
换衣服,1
印印,1
档杆,1
全椒县,1
新城,1
做一套,1
朋克,1
栅栏,1
大鱼,1
知情人,1
相似性,1
浦东,1
边境,1
瑞虎,1
王府井,1
洋娃娃,1
手滑,1
宝业,1
童话世界,1
不断扩大,1
丽池,1
呆毛,1
领主,1
徽府,1
睡梦中,1
零钱,1
妖怪,1
冤大头,1
外包,1
鹿寨县,1
故乡,1
美美,1
烂透,1
药物,1
重头,1
姆巴,1
雨辰,1
主银,1
丁楼,1
别提,1
桥梁,1
盖叫天,1
经营者,1
任某,1
时事,1
高台,1
山东省,1
人民警察,1
啤吧,1
圈圈,1
将网,1
排序,1
流浪,1
前科,1
杨洋,1
刘宪华,1
经营权,1
小交,1
性命,1
民润,1
细化,1
脚印,1
金银珠宝,1
商人,1
针对性,1
温水,1
刘鹏,1
东城,1
投诉率,1
航旅,1
战胜,1
这厮,1
巴音郭楞,1
吹牛皮,1
代驾王,1
黑产,1
武神,1
现史,1
投身,1
指导价,1
粉粉,1
两件事,1
字节,1
崂山,1
基石,1
宝安,1
钱款,1
曲靖,1
智计,1
粒子,1
彭昱畅,1
公道话,1
日讯,1
店铺,1
全体人员,1
仇广宇,1
不务正业,1
城建局,1
惠来,1
基准,1
风趣,1
电流,1
苏宁,1
红墙,1
红线,1
南安市,1
彩铃,1
蜜月,1
嫌人家,1
功德,1
初雪,1
东圃,1
电脑主机,1
出面,1
专,1
桥涵,1
神韵,1
划线,1
乐园,1
必杀技,1
公式,1
领养,1
对门,1
保利,1
傅家,1
石头,1
虚幻,1
征程,1
思量,1
禁止停车,1
综合性,1
男主角,1
之谜,1
主席,1
积极主动,1
核心思想,1
大荔县,1
少时,1
案太,1
塑料纸,1
重装,1
水云,1
处花,1
望京,1
通俗,1
脑细胞,1
X光,1
路会越,1
空战,1
岳云鹏,1
跳车,1
途牛,1
云年会,1
娘胎,1
狗东西,1
小何,1
被执行人,1
倒数,1
抚远,1
印制,1
整户,1
指指点点,1
邻家,1
神奥丁,1
土肥,1
拉客户,1
原路,1
失业率,1
金融机构,1
开朗,1
时髦,1
延安路,1
纷争,1
杀鸡取蛋,1
渗透率,1
咖喱,1
下场,1
省政府,1
总会,1
量子,1
有钱人,1
公墓,1
中大促,1
男同事,1
小奶,1
小巧,1
赛德,1
胃口,1
归途,1
正义感,1
商贸,1
街道,1
温岭,1
乘用车,1
费才,1
同情,1
来块,1
奇迹,1
杨家湾,1
气地,1
淮河路,1
房价,1
财团,1
社会安定,1
礼橙,1
意欲,1
都用,1
重温,1
官网,1
小游,1
快干,1
强奸,1
境遇,1
江油市,1
东关,1
萧道,1
奥林匹克运动,1
活见鬼,1
江门,1
免费打,1
棺材板,1
二号线,1
小男孩,1
神器,1
美语,1
原汁原味,1
版本升级,1
毁灭性,1
死路,1
旅馆,1
紫金,1
追随者,1
实例,1
姐单,1
瓦尔帕莱索,1
恶性,1
外表,1
成就,1
摸金校尉,1
蛮荒,1
长春,1
个差,1
军事设施,1
老火,1
冰川,1
责罚,1
金花,1
期待值,1
钻石,1
租期,1
魔族,1
吴中区,1
陕西省,1
顺丰,1
乌海市,1
女法官,1
夏海,1
通报,1
建华,1
博城,1
灵活运用,1
技术升级,1
潮安县,1
重创,1
兄弟姐妹,1
创城,1
妻子,1
人道主义,1
宣言,1
猫猫,1
精言,1
华润,1
萧山,1
万事,1
错失,1
城网,1
扎堆,1
小麦,1
同场竞技,1
样样,1
将人,1
博吐槽,1
何炅,1
晋中,1
护理职业,1
国道,1
关头,1
光彩,1
申请加入,1
小数目,1
北二环,1
中西部,1
业余时间,1
济阳县,1
尼克斯,1
周刊,1
代金券,1
动画电影,1
小村,1
原点,1
天梯,1
亿万富翁,1
车顶,1
艾丽,1
饮食,1
忍务,1
车事,1
西门,1
个位数,1
噱头,1
同等条件,1
车座,1
杨家,1
教程,1
音像制品,1
金廷,1
泸州,1
达州,1
血压,1
醉眼,1
能耐,1
原理,1
处理意见,1
光光,1
清雪,1
头发,1
台安县,1
大赞,1
比基尼,1
土壤,1
母公司,1
逆境,1
叫代,1
成片,1
佐证,1
丽江,1
小算,1
制作人员,1
黄河,1
专项,1
制造者,1
黄村,1
裤子,1
章蔚玮,1
动动,1
紫薇,1
大减价,1
持刀,1
齐鲁晚报,1
广宁县,1
白玩,1
仪表,1
马街,1
三菱,1
讲数,1
单制,1
现行政策,1
粘毛,1
牲口,1
黑金,1
平分,1
竞速,1
广深,1
启辰,1
劣根性,1
米高村,1
周浦,1
金华市,1
异性,1
新庄,1
交通管制,1
中山,1
夸克,1
原作者,1
上海地区,1
谎言,1
老板娘,1
千岛湖,1
草丛,1
范一飞,1
洗车行,1
菜市场,1
散步,1
中美,1
英语,1
华闻,1
农村部,1
言行,1
我趣,1
何运晨,1
后亭村,1
尸首,1
大卡车,1
龙福,1
政法,1
铜铃,1
路西,1
编剧,1
劳力,1
消费结构,1
血迹,1
误事,1
墩子,1
指画,1
锦城,1
想象力,1
孤岛,1
开远,1
良驹,1
专题,1
范儿,1
交代,1
港龙,1
爆发式,1
晚一点,1
安全事件,1
制和派,1
尾车,1
陆拾,1
朝鲜民主主义人民共和国,1
萧息,1
两码事,1
环球网,1
妻离子散,1
慕斯,1
敌机,1
京城,1
脚底,1
机车,1
雪亮,1
考驾照,1
秃驴,1
B轮,1
客观,1
用电,1
都行,1
眉山,1
厦门大学,1
平台车,1
服务卡,1
能用,1
水牛角,1
会扣,1
百合,1
个人感觉,1
太牛,1
挡箭牌,1
袁家,1
费都,1
火车票,1
细说,1
野生动物,1
同理,1
收工,1
泉水,1
后会,1
豪门,1
感差,1
害虫,1
性格,1
新世纪,1
共产党,1
系统故障,1
瓶颈,1
步骤,1
死亡率,1
东辛,1
拐道,1
华庭街,1
陆慕,1
尸体,1
根本性,1
永利,1
酷类,1
政务,1
实习期,1
发生争执,1
未婚妻,1
能干,1
后气,1
长水,1
公交车站,1
中心站,1
海岛,1
净化,1
双门,1
诊间,1
交托,1
暗流,1
客管,1
扒鸡,1
单中,1
抽奖,1
省市,1
不值,1
职小,1
商业银行,1
误机,1
嘴角,1
安逸,1
真鑫,1
高性能,1
冷兵器,1
讲信用,1
能管,1
华美,1
购车,1
换乘,1
礼物,1
酋长,1
孙权,1
戴姆勒,1
克斯,1
小可爱,1
党的政策,1
王姐,1
晚八点,1
钉珠,1
炼铁厂,1
飞酷,1
旧号,1
潜规则,1
扒皮,1
虚拟世界,1
声乐,1
科沃,1
江西省,1
三角形,1
公安干警,1
傻眼,1
一锤定音,1
草根,1
美轮美奂,1
松手,1
品味,1
惠民,1
厕所,1
上周末,1
鲍里斯,1
格式,1
亳州,1
文字游戏,1
研究所,1
天津市,1
六芝,1
高质,1
报名费,1
新世界,1
少资,1
黄毛,1
肢体冲突,1
大理,1
马马虎虎,1
特度,1
青红,1
级别,1
洪家,1
老薛,1
精力,1
住处,1
后脚,1
战机,1
家属,1
成正比,1
断腕,1
小白,1
全车,1
恩师,1
北极熊,1
河陂,1
尾号,1
车则,1
公安局长,1
官方网,1
收手,1
前男友,1
拉丁美洲,1
积极探索,1
东升,1
服务性,1
法治,1
范阿布,1
车款,1
税务,1
徽州,1
有份,1
江桥,1
佳缘,1
服装店,1
车差,1
粮库,1
小白龙,1
晨园,1
街舞,1
种草,1
行者,1
汽车站,1
曲线,1
火炉,1
刺耳,1
石料,1
强扣,1
北京大学,1
科技园区,1
钥桥,1
坑害,1
生疏,1
组件,1
章家,1
迷路,1
天眼,1
双流,1
翻页,1
惠山,1
淡盂,1
不公平性,1
肥城,1
漳州,1
课堂,1
金科,1
石板,1
后继,1
粉红色,1
农业,1
赵震,1
市场秩序,1
东塔路,1
无量,1
加以控制,1
面对现实,1
聚车,1
玛德,1
张帆,1
动感,1
衬托,1
通向,1
时会,1
群艺馆,1
儿童公园,1
调查核实,1
话术,1
淮北市,1
正统,1
面沙,1
铁军,1
信息时代,1
将笔,1
轮子,1
工,1
怀远县,1
姜鑫宇,1
大望路,1
叉车,1
周旋,1
设身处地,1
巨蟹座,1
质量上乘,1
加单,1
界面显示,1
热事,1
修路,1
东东,1
合理安排,1
问下,1
单算,1
声控,1
成问题,1
铁机,1
林子,1
活化石,1
旧宫,1
证券,1
财付,1
姓王,1
武功,1
系数,1
优点,1
辛勤,1
频闪,1
论坛,1
治本,1
网址,1
废话连篇,1
维和,1
佣兵,1
夏洛特,1
湖南永州,1
销量,1
情人节,1
燃料,1
拐弯,1
承德,1
中联,1
己方,1
价检局,1
生命线,1
行事,1
个人观点,1
污点,1
统统,1
祥符,1
冰块,1
和安卓,1
双人,1
岭南,1
党史,1
朱景士,1
华美达,1
花苑,1
航站楼,1
声明,1
沙坡,1
交租金,1
橡胶,1
昆明池,1
旅行者,1
队长,1
爵士乐,1
经典电影,1
后头,1
粘性,1
渔家,1
资金量,1
猎户星座,1
政策性,1
北五环,1
女白领,1
静谧,1
连麦,1
张家港,1
气候变化,1
单词,1
臭味,1
曾厝安,1
崇明岛,1
萝莉,1
反抗军,1
泥浆,1
转圈,1
音游,1
外省市,1
好歹,1
斯坦李,1
树木,1
外敌,1
中惠,1
上海市工商局,1
报酬,1
合资企业,1
号况,1
本质区别,1
泥泞,1
魔杖,1
角落,1
风油精,1
商I行,1
二度,1
秘密组织,1
军事战略,1
廉租房,1
耒却要扣,1
条微博,1
极限运动,1
微观世界,1
远程,1
扶梯,1
拉车,1
香源,1
细数,1
罐头,1
杭州市,1
报价,1
平江,1
心灵,1
冒险者,1
青岛市,1
人身,1
文档,1
齐天仁,1
广大群众,1
平车,1
玛雅人,1
我们仨,1
执法权,1
未果,1
花园里,1
口水,1
回老家,1
过敏,1
新闻报道,1
矫正,1
快车单,1
秒钟,1
狂飙,1
骷髅,1
老铁,1
匿线,1
太白,1
水运,1
全算,1
普惠,1
大神,1
上周五,1
处女座,1
双重,1
宫殿,1
顺义,1
金山,1
香锅,1
演技派,1
电业,1
家用车,1
民族村,1
秉持着,1
主旨,1
伎俩,1
泡水,1
大棒,1
纵观,1
干子,1
新品,1
美德,1
份上,1
安全措施,1
大用,1
砖石,1
高中生,1
篇章,1
加拿大,1
森林公园,1
鲜鱼,1
暂停营业,1
逝者,1
路行,1
胎压,1
福建省,1
手豪,1
水泥,1
雅颂,1
钱会飞,1
流向,1
风里雨,1
原生,1
白狼,1
讲价,1
怪象,1
利人利,1
长安区,1
瘟疫,1
临朐,1
真假,1
黑心钱,1
肖像权,1
私事,1
硕士,1
冗长,1
小市民,1
查明,1
曲子,1
青蛙,1
潜心,1
白泥,1
原味,1
增量,1
刘佳勇,1
牌号,1
西溪,1
洋流,1
投票者,1
公司员工,1
姿势,1
新进展,1
坑坑,1
张望,1
湾湾,1
小食店,1
我弟,1
总收入,1
经济日报,1
安全部门,1
房租,1
随缘,1
咨询电话,1
委员会,1
律师,1
开城,1
分界线,1
六块钱,1
宛平南,1
刷卡,1
古栈,1
总能,1
引力,1
金沙,1
鄂托克前旗,1
大骗子,1
脏得,1
文库,1
建筑工地,1
长寿,1
博斯,1
中奖,1
覆舟,1
讲道理,1
白菜,1
祝天,1
空白,1
彩虹桥,1
小命,1
消息来源,1
费加,1
招商,1
过会,1
先吧,1
姿态,1
中介费,1
单行线,1
努力实现,1
倒计时,1
信化,1
驾驶室,1
七彩,1
无货,1
亲人,1
用户量,1
商用,1
阴谋,1
悬崖,1
乐意,1
财产保险,1
敌我,1
约束力,1
藉由,1
隐性,1
问卷,1
含油,1
空壳,1
妇女节,1
的哥,1
配音,1
仙女,1
拟态,1
马戏团,1
少数民族,1
小说家,1
打码,1
行驶路线,1
和积玉,1
枫树,1
风险意识,1
丈量,1
脚跟,1
三亚,1
国信,1
北口,1
岳父,1
太丑,1
喜马拉雅山,1
受访者,1
人拼单,1
阳光,1
小睡,1
夫人,1
杨锐,1
嘉奖,1
做人,1
嘉苑,1
麦乐迪,1
酷雪,1
技术开发,1
王杰,1
奖金,1
一辑,1
亚子,1
回音,1
绅士,1
媒w,1
不语,1
现身说法,1
秋糖,1
山庄,1
东南亚,1
公司总部,1
佛光,1
韩国三星,1
恐怖电影,1
人神,1
去死吧,1
失业,1
等级制度,1
油画,1
爱情,1
决策,1
常座,1
长度,1
教育引导,1
乱点,1
副行长,1
内涵,1
三环路,1
爱豪,1
费多,1
大力发展,1
新昌县,1
猎神,1
迷人,1
贞操带,1
年关,1
将军,1
职业技能,1
南市,1
直线,1
警官,1
事项,1
倾力,1
北京西,1
连线,1
草泥马,1
官僚主义,1
塔罗牌,1
魔导,1
仁义道德,1
丽亚,1
单用,1
高碑店市,1
四川省,1
美域,1
小姑娘,1
提高效率,1
战线,1
吴家山,1
运河,1
虚拟现实,1
大礼包,1
和平友好,1
西游记,1
步步高,1
圣剑,1
支招,1
吉尼斯,1
盘山公路,1
体温,1
结果显示,1
单亲,1
全市,1
临安市,1
东豪,1
华联,1
情感,1
待遇,1
时分,1
机械师,1
知心朋友,1
文源,1
海埂,1
巨虫,1
北京青年报,1
突发事件,1
红星路,1
单行,1
师徒,1
祝你好运,1
熟面孔,1
和秋秋,1
名车,1
交车,1
安村,1
回事儿,1
何时能,1
宜春,1
耶稣,1
哲学,1
军容,1
高温,1
评评理,1
消极,1
路面,1
心病,1
费太高,1
多利亚,1
尿骚,1
理智,1
雨水,1
大红大紫,1
市场份额,1
统治权,1
初音,1
抓子,1
战记,1
白塔,1
魔女,1
法制,1
小吃,1
蜈支洲岛,1
水漂,1
车拼车,1
第二次世界大战,1
红树湾,1
最大化,1
帘子,1
士气,1
善言,1
安抚,1
健健康康,1
靠车,1
坦克,1
沧口,1
小妹妹,1
划屏,1
高清,1
渣渣,1
海澜,1
刚用,1
霓虹灯,1
暖风,1
趣事,1
瀑布,1
县政府,1
f法,1
消音,1
高架桥,1
费力,1
特殊任务,1
殡仪馆,1
实事求是,1
派系,1
许仙,1
干事,1
唐僧,1
超能力,1
老少皆宜,1
平行,1
萨满,1
不具,1
京东,1
工司,1
社保卡,1
哥伦比亚,1
亲友,1
麻利,1
电子货币,1
大赛,1
船医,1
采用率,1
高新区,1
婆婆,1
养殖业,1
虎门,1
环岛,1
玩人,1
手机信号,1
变俩,1
钻空子,1
艾登,1
陈雨雯,1
情调,1
法度,1
眼花,1
型号,1
粉色,1
直路,1
战斗者,1
商城,1
脚步,1
平潭岛,1
病情,1
祥和,1
大屏幕,1
除雪,1
湖北省,1
欧尚,1
培养皿,1
阵子,1
寻人,1
回家吧,1
朝阳,1
群众利益,1
当事人,1
华南,1
德克士,1
废墟,1
镣铐,1
客货,1
兴星,1
男士,1
精准度,1
有形,1
医学院,1
套话,1
配色,1
芭比,1
未免太,1
卡片,1
祭天,1
服务台,1
长兴,1
机智,1
长治,1
车破点,1
支撑不了,1
脑脑,1
虫虫,1
卡里,1
平平安安,1
徐东,1
P虎藏,1
坐姿,1
星评,1
屋子,1
碎念,1
线条,1
花絮,1
法规,1
战斗意志,1
天网,1
更让人,1
致力,1
小圆点,1
财经新闻,1
蔚星,1
库尔勒,1
有车族,1
淡马锡,1
蓬莱,1
嵩合村,1
手动挡,1
状告,1
贾跃亭,1
园艺,1
又名,1
方寸,1
马拉松赛,1
人车,1
俗语,1
数据中心,1
凯德,1
核弹,1
光阴,1
低头,1
硬币,1
详细信息,1
泰利,1
亲历,1
不成文,1
华明,1
傻瓜,1
名录,1
珙县,1
r候,1
必须品,1
静安区,1
万达,1
法拉利,1
异类,1
街坊,1
雪佛兰,1
票难,1
催款,1
服务区,1
末裔,1
创富,1
利器,1
臭脚,1
驾驶台,1
康城,1
汽油,1
电信,1
死人,1
江北,1
问个问题,1
列车,1
S牌,1
肉体,1
长剑,1
驱车,1
开窗,1
迪拜,1
蚂蜂,1
情景,1
问车,1
外界,1
良库,1
渭南市,1
高速行驶,1
白跑,1
农名,1
勇者,1
春晖,1
黑钱,1
酒仙,1
出版物,1
内环,1
小学部,1
动脑子,1
舆情,1
架势,1
身影,1
格斗类,1
因祸,1
列表,1
用水,1
丽影,1
狮子山,1
单量,1
盛者,1
地将,1
北京城,1
早班车,1
强力,1
公家,1
车合乘,1
火坑,1
余地,1
奴役,1
郑开,1
烦心事,1
背刺,1
微报,1
纽约,1
瓜子,1
墨宝,1
风气,1
根本就是,1
天秤座,1
冰箱,1
光芒,1
排气量,1
步入,1
车少,1
美感,1
玄幻,1
暴暴,1
齐道,1
贝佐斯,1
个票,1
木渎,1
满星,1
法地,1
大区,1
服众,1
和云,1
音乐节,1
小利,1
费和,1
金典,1
V告,1
观感,1
行侠,1
湄桥,1
县委,1
多金,1
乱斗堂,1
动作性,1
咖啡馆,1
犄角,1
干的事,1
滨湖,1
包容心,1
松竹,1
主义,1
肉包子打,1
视线,1
行列,1
误导,1
小荷,1
胡家,1
纳斯达克,1
职德,1
三思,1
硅谷,1
成寿寺,1
人因,1
素|,1
广丰,1
空槽,1
皇廷,1
异物,1
婴儿车,1
问候,1
牌子,1
养成类,1
快枪手,1
排量,1
防式,1
电单车,1
格子,1
中国银联,1
东岗,1
梁子寨,1
罚款单,1
C,1
小朋友,1
实验室,1
心放平,1
熊福记,1
桑塔纳,1
阿姨,1
小萝莉,1
海贼团,1
标题,1
裂缝,1
单曲,1
外科,1
狼皮,1
家家户户,1
圆形,1
序号,1
公共安全,1
瓷器活,1
比端,1
需注意,1
乐视,1
体味,1
胳膊,1
误会,1
旅客,1
差距,1
小女孩,1
投机取巧,1
愚人节,1
缘故,1
瞎说,1
南口,1
电台节目,1
性名,1
美式,1
乐友,1
蓝天,1
本领,1
太冷,1
医务,1
百校,1
太短,1
伴娘,1
拉圾,1
外媒,1
冻结资金,1
藤缠楼,1
色调,1
端游,1
当雄,1
女同学,1
何璐,1
光泽,1
滦南,1
倍数,1
售后,1
商英,1
龙阳路,1
部下,1
单狗,1
人物形象,1
概念,1
诺兰,1
一针,1
乔和,1
白城,1
订价,1
舟山,1
澡堂,1
兰溪市,1
账目,1
旅行社,1
大树,1
零花钱,1
太平桥,1
首气,1
河南人,1
华清,1
多加练习,1
路上车,1
战利品,1
商务车,1
好心人,1
海丽宾雅,1
预案,1
山南,1
电气,1
城府,1
纸糊,1
太高冷,1
销户,1
勋章,1
家乡话,1
山羊,1
靖江市,1
山羊胡,1
毛用,1
遍布全国,1
利亚,1
克里斯托弗,1
体育场,1
兴城,1
潜水,1
博云,1
代金,1
蒙太奇,1
西昌市,1
候车,1
老汉,1
航天,1
数据源,1
洗面奶,1
褡裢,1
凉拔,1
免单,1
棕色,1
会儿,1
风潮,1
奇兵,1
水坑,1
音感,1
内地,1
张券,1
流利,1
宣传片,1
巴州,1
医科大学,1
津南区,1
浙江,1
牙科医生,1
民族,1
大胆,1
中植方洲,1
消防,1
海龟,1
抵押物,1
原委,1
个限号,1
关键字,1
抗日,1
门面,1
弱女子,1
规范性,1
腾讯网,1
圣地亚哥,1
爱意,1
克胜,1
场站,1
财物,1
公安分局,1
新规,1
餐馆,1
天意,1
表里,1
玩性,1
高山,1
新奇,1
格调,1
楠海,1
格林豪,1
新体验,1
青神,1
明智,1
族人,1
纠纷,1
课文,1
桃花,1
参考价值,1
研究室,1
家离,1
单数,1
编程,1
小聪明,1
暴君,1
玩玩,1
情节,1
江夏,1
中国日报,1
细节决定,1
土豆,1
史实,1
国外市场,1
强势,1
鱼类,1
透顶,1
原版,1
车派,1
绕圈圈,1
花都,1
树精,1
医疗机构,1
南路,1
热水瓶,1
舍友,1
光剑,1
湖山庄,1
少见,1
除魔,1
铁东区,1
电视,1
优衣,1
内视,1
工业革命,1
高积云,1
眼科,1
开票,1
熊子,1
动画片,1
爱德华,1
阶段性,1
黑户,1
天凉,1
市场部,1
西苑,1
珠海市,1
坏习惯,1
火眼金睛,1
结钱,1
永康市,1
夏小勇,1
嫌人,1
狗血,1
虹桥机场,1
攻城战,1
一帮人,1
巴拉巴,1
银泰,1
小袁,1
深表同情,1
牌桌,1
疯魔,1
圈养,1
电光,1
宏光,1
山川,1
事态,1
无脑,1
纸质,1
使用量,1
界内,1
安全系数,1
亲友们,1
启示录,1
班主任,1
星火,1
祖宗,1
同济大学,1
拜拜,1
矿石,1
汉阳,1
破坏者,1
祖国,1
限车,1
单发,1
推式,1
明码标价,1
计算机系,1
世家,1
起车,1
价格便宜,1
代步,1
凉气,1
波美,1
标杆,1
汉庭,1
一连串,1
空话,1
保险费用,1
天分,1
损耗,1
长费,1
唱响,1
六边形,1
谜团,1
家乐福,1
呼唤,1
块儿,1
车俩,1
脑力,1
马尔代夫,1
水流,1
泥土,1
屏障,1
稻谷,1
小行星,1
嫌地,1
电脑产品,1
积极响应,1
国民,1
空城,1
绿湖,1
数字,1
土拨鼠,1
血洗,1
血骨,1
经销店,1
黑人,1
进球,1
空间感,1
身背,1
携华,1
世俗,1
构成威胁,1
纵队,1
历史背景,1
堡垒,1
全身,1
吉凶,1
橘子,1
打水漂,1
斜阳,1
关联,1
怨言,1
干爹,1
生存空间,1
加足马力,1
祖母,1
古典,1
中美洲,1
博物馆,1
保本,1
国家税务局,1
车公庄,1
娱乐性,1
支独秀,1
馄饨,1
糕点,1
越野车,1
九龙,1
打一星,1
林立,1
用人,1
梅西,1
梯形,1
知名度,1
回国,1
小宝贝,1
事业部,1
成都旅游,1
泡妞,1
游玩,1
左脚,1
元系,1
井观,1
犯罪案件,1
网官,1
问道,1
跆拳道,1
白马,1
个券,1
紫光阁,1
白玉,1
登机牌,1
服饰,1
附院,1
奇遇,1
烟味,1
窝火,1
滚球,1
沧州,1
新开通,1
西小口,1
足球运动,1
笔芯,1
祝您,1
变速箱,1
黄岛区,1
哈弗,1
奥威尔,1
菏泽,1
沙盒,1
禅寺,1
剪裁,1
英文,1
丝带,1
月租金,1
傅S,1
零配件,1
升舱,1
星巴克,1
召唤术,1
三国演义,1
社招,1
天蚕,1
广德,1
合缘,1
四叶草,1
长假,1
本名,1
网络电话,1
会馆,1
河湾,1
泰达,1
余承东,1
驯兽师,1
旗号,1
小人,1
扣点,1
顾问,1
刮风,1
听众,1
随县,1
亲戚朋友,1
眼光,1
别墅区,1
顺德,1
迪士尼,1
金冠,1
老头子,1
民警,1
味庄,1
误操作,1
光头,1
武侠,1
雨露,1
参照物,1
小城镇,1
殖民地,1
地底,1
熊从,1
夏利,1
保驾护航,1
武林,1
太普通,1
罗姐,1
泻药,1
蠢事,1
马驹桥,1
长厦马,1
和小蓝,1
伟世通,1
工程,1
后厂,1
历程,1
脚想,1
坂良太,1
评星,1
证书,1
聚点,1
男神,1
昨天早上,1
民g,1
训练营,1
航线,1
哥好帅,1
鸟用,1
艺创,1
心仪,1
防狼,1
吃药时,1
珍珠,1
卡麦,1
眼神,1
少计,1
小米,1
信息网络,1
严格遵守,1
草帽,1
王筝,1
王磊,1
大灰狼,1
平稳性,1
鸡肋,1
立法者,1
老虎,1
故事性,1
酷哥,1
台子,1
法定,1
统计数据,1
海淀区,1
广告主,1
不井,1
陆陆续续,1
达克,1
极权主义,1
济宁,1
代表人,1
福报,1
专门店,1
村路,1
机落,1
巷子,1
汽车厂,1
黄色,1
思想,1
高升,1
刀子,1
蝴蝶,1
分类,1
敌方,1
普通人,1
生机,1
大学本科,1
航行,1
让你能,1
分层,1
指令,1
雷诺,1
国产车,1
时时,1
骆驼,1
端口,1
孙悟空,1
调味品,1
老电影,1
诀窍,1
网格,1
直隶,1
集镇,1
下文,1
传染病,1
关门大吉,1
立金T大WD^,1
新鲜空气,1
北京电影学院,1
合法收入,1
完成率,1
单奖,1
中文版,1
扁平化,1
重剑,1
河东,1
实践证明,1
爱国,1
方庄店,1
心理学家,1
订车,1
层面,1
哈喽哈,1
风味,1
坑比,1
斯柯达,1
张飞,1
康欣园,1
土豆网,1
业绩,1
牙套,1
申请人,1
安宁,1
B度,1
魔性,1
星源,1
财报,1
骑兵,1
分析师,1
弱小,1
米奇,1
钱币,1
华容县,1
魔物娘,1
烤鱼,1
傻蛋,1
时尚界,1
和平共处,1
发帖,1
金兰,1
手软,1
长岛,1
酒精,1
车价,1
接拼单,1
王石,1
人行道,1
双城,1
蠢驴,1
大街,1
花纹,1
西南,1
试验品,1
卡用,1
南粤,1
能装,1
英语口语,1
营业部,1
私欲,1
石磨,1
单点,1
阜阳,1
星河湾,1
器材,1
品价,1
运河区,1
章程,1
关键时期,1
血妈,1
公司总裁,1
穷人,1
摩托艇,1
视野,1
改装车,1
定州市,1
晚班,1
假货,1
桌面上,1
客客气气,1
北新桥,1
东寅商,1
前景,1
畜牲,1
冥界,1
世界大战,1
距今已有,1
中成药,1
五线谱,1
订票,1
天地,1
竞相,1
监视系统,1
桂林,1
鹏飞,1
历代,1
西路,1
堂哥,1
艾伦,1
灌南,1
故意伤害,1
加九,1
诺亚,1
广州地区,1
贴近生活,1
常态,1
白云山,1
开端,1
云间,1
装饰,1
静态,1
管理人员,1
配件,1
势必会,1
猎人,1
本溪,1
车神,1
研制开发,1
护城河,1
地下室,1
蓝湾,1
和武僧,1
星间,1
实况足球,1
星战,1
核,1
海力士,1
事办,1
游戏性,1
政治,1
翠福园,1
营养,1
最坑,1
防范措施,1
学一学,1
宜春市,1
过长,1
城市公交,1
正牌,1
局长,1
卡顿,1
沙峪,1
声响,1
故居,1
贵点,1
阴影,1
同屏,1
本学期,1
锦绣,1
被盗,1
内衣,1
辣锅,1
群雄逐鹿,1
金融服务,1
双赢,1
杆子,1
养眼,1
要点,1
档次,1
温开水,1
豆子,1
利群,1
坎儿,1
危局,1
雅苑,1
热,1
农庄,1
耐玩,1
一波,1
人格,1
敌对,1
纳达尔,1
小城,1
当众,1
花哨,1
梦境,1
云掌,1
非会员,1
永葆,1
声优,1
物归原主,1
传言,1
F,1
塔玛拉,1
熊猫,1
财智,1
台,1
说词,1
铁栅,1
通过培训,1
中州,1
堪比,1
消消气,1
符合标准,1
实体,1
金茂,1
老母,1
代码,1
棉产区,1
据闻,1
友谊,1
进线,1
约翰逊,1
孙万强,1
个题,1
阿思,1
犯错误,1
假名字,1
太差,1
诈片,1
清兰,1
喷雾,1
画作,1
小贝,1
规格,1
歉意,1
末班车,1
小心眼,1
流水线,1
人长,1
月票,1
班服,1
下埔,1
湿哥,1
明文,1
人报,1
脑门,1
运力,1
胡来,1
八卦,1
打消念头,1
裤衩,1
涂鸦,1
战为,1
量贩式,1
荒山野岭,1
总领事馆,1
潘粤明,1
恒盛,1
初学者,1
交通警察,1
卡死,1
光棍节,1
热点问题,1
班底,1
煤矿,1
空对地,1
交钱,1
简影,1
激光枪,1
骡子,1
省心,1
功底,1
空隙,1
球棒,1
法宝,1
赛跑者,1
贵宾卡,1
封城,1
西伯利亚,1
玉米粒,1
游乐,1
老外,1
设限,1
顶尖,1
汤米,1
宝马车,1
身份验证,1
寿命,1
等车,1
乳腺癌,1
劲松,1
边车,1
太湖,1
卡顶,1
暂行办法,1
太平,1
安全员,1
简略,1
富林,1
旧金山,1
鼹鼠,1
宝贝,1
气魄,1
资深,1
白送,1
炮兵,1
分歧,1
全攻略,1
江北区,1
差差,1
羽毛球,1
母舰,1
建塔,1
蠢点,1
士官,1
拳皇,1
专利,1
建设路,1
实线,1
索佳,1
交规,1
衡阳人,1
早餐,1
三星,1
会车,1
康桑,1
亚硝酸盐,1
差钱,1
厦大,1
铜钱,1
妆容,1
太多,1
群落,1
神马,1
潘庄,1
老家,1
家门,1
城迹,1
耶鲁,1
演化成,1
超现实,1
关怀,1
眼界,1
强奸案,1
商化,1
八戒,1
支队,1
齐鲁,1
行车道,1
鹤溪,1
手机店,1
宏达,1
窝囊,1
市场调研,1
炮弹,1
人会,1
准入关,1
门市,1
太长,1
钱少,1
剥削者,1
兜兜风,1
宛平路,1
时尚杂志,1
王健泉,1
百漏,1
营利,1
德清县,1
招车,1
泰迪熊,1
奖励金,1
东五环,1
王嘉杰,1
图标,1
短裤,1
妈亲,1
泰华,1
罗永浩,1
外公,1
议题,1
复杂度,1
系统维护,1
地铁口,1
困局,1
考虑一下,1
建议您,1
巧遇,1
高喊,1
瓷都,1
大独裁者,1
浙江大学,1
现状,1
行凶,1
写作能力,1
理性,1
买票,1
鬼魅,1
控度,1
实施者,1
家家,1
西乡,1
路灯,1
芜湖,1
暴雪,1
人馆,1
商业广场,1
叶秉桓,1
轮岗,1
工会,1
十字,1
爱好和平,1
求教,1
程天,1
南大街,1
霓虹,1
电影城,1
绝境,1
利息,1
魔爪,1
五月份,1
共收录,1
卫士,1
禁区,1
野草,1
真事,1
深山老林,1
信息源,1
中国民航,1
食物链,1
人力,1
调查过程,1
金灿灿,1
总费用,1
微博,1
莱特,1
小气,1
赌气,1
弄脏,1
守护者,1
弯路,1
市场机制,1
家养,1
美味,1
太气,1
宿舍,1
棍子,1
富阳市,1
臀部,1
变局,1
日照时间,1
岳麓山,1
争口气,1
高级中学,1
商报,1
石油学院,1
盐费,1
连城,1
美好时光,1
星沙,1
人设,1
车离,1
飞碟,1
苦力,1
重任,1
共生,1
凭证,1
安贞,1
人站,1
化作,1
中国科学院,1
控股权,1
贵重物品,1
养猪,1
卡拉,1
单价,1
洛菲德,1
莲花,1
插班生,1
活力,1
牺牲品,1
现任,1
华声,1
物体,1
幻兽,1
拍电影,1
计程车,1
音讯,1
文昌,1
电视台,1
观察力,1
桔子,1
下山,1
风雨,1
密室,1
公道,1
路略,1
丰庆路,1
太坏,1
城池,1
滴水,1
上河,1
碑林,1
限度,1
虫群,1
早饭,1
合理配置,1
家庭幸福,1
答题,1
太次,1
棉花,1
女票,1
上地七街,1
大花岭,1
狮子,1
单标,1
青阳,1
节省时间,1
开动脑筋,1
网络科技,1
白娘子,1
小洛豪,1
讯问,1
天河区,1
巴黎,1
宝贝儿,1
哈佛大学,1
手工,1
半径,1
火仗,1
先锋,1
汽车尾气,1
周航,1
沧桑,1
京人京,1
货架,1
灾变,1
国家有关,1
长流,1
矿工,1
代代,1
可视化,1
份额,1
镀锡,1
江南,1
虫子,1
遥墙,1
几关,1
王女,1
证件,1
学则,1
善加利用,1
双街,1
董得,1
时效性,1
潜心研究,1
张杰,1
会事,1
本命年,1
效能,1
私家侦探,1
卧室,1
亚马逊,1
大额,1
人心,1
中父,1
阿骨,1
球体,1
西村,1
奖惩,1
血汗,1
电子产品,1
植物学家,1
任天堂,1
陆地,1
亲生女儿,1
亏本生意,1
吉百利,1
过会儿,1
井湖,1
注意力,1
锱铢,1
龙岗,1
心系,1
磁力,1
西约克郡,1
省点,1
信用度,1
屠宰,1
树林,1
实际困难,1
上冷,1
风度,1
平顶山,1
金州,1
夸一,1
第三人称,1
增幅,1
御姐,1
远景,1
艾玛真,1
英勇,1
西湖,1
茶带,1
浙江省,1
态势,1
外挂,1
高盛,1
水塔,1
新源,1
白眼,1
D版,1
个的,1
五毛钱,1
个体,1
布防,1
基本思路,1
工作效率,1
锦江,1
民间,1
班花,1
坪上,1
专辑,1
中层,1
乌兰察布,1
弹弓,1
大吉,1
金刚钻,1
涟漪,1
博上,1
防御者,1
长达,1
松庄,1
售票口,1
福沙,1
发镇,1
严重威胁,1
杞县,1
小提琴,1
气压,1
格拉姆,1
立体,1
里庄,1
小号,1
工号,1
周至县,1
女警察,1
棒子,1
铁粉,1
茂树,1
越改越,1
船长,1
断桥,1
情绪低落,1
纺工,1
不错呀,1
高下,1
村店,1
金胖,1
满嘴,1
,1
赵辉,1
突围,1
纯属,1
低点,1
达成协议,1
个子,1
作者,1
头部,1
影子,1
沃联,1
负面新闻,1
祭师,1
网络营销,1
全职太太,1
编组,1
机体,1
迷城,1
北欧,1
坑货,1
全情,1
小编,1
西装,1
铁杖,1
合肥市,1
号段,1
副社长,1
凡客诚,1
短距离,1
维修点,1
环岛路,1
特长,1
已拉黑,1
心酸,1
段子,1
工时费,1
稻尾岛,1
淘金,1
马路边,1
本份,1
谍照,1
人族,1
辉星,1
双江,1
西岳,1
云端,1
君主,1
心拔,1
就光说,1
猪脑子,1
内会,1
投资总额,1
人用,1
卡琳,1
真话,1
白热化,1
限时,1
趋向于,1
大丰,1
大灯,1
结帐,1
帝国时代,1
封神,1
人与狗,1
爆粗,1
永修,1
许普,1
文苑,1
运营官,1
战法,1
小儿,1
赞德,1
鲨鱼,1
遗迹,1
推车人,1
跑步,1
控股公司,1
良知,1
外牌,1
聚会,1
手误,1
雪茄,1
驾车,1
经验丰富,1
小虎,1
肠粉,1
黄埔区,1
草堂,1
北京电视台,1
女客,1
太识路,1
火花,1
快捷酒店,1
牌会,1
田安,1
战棋,1
泼妇,1
聚集地,1
保罗,1
经典之作,1
月饼,1
文学,1
候选人,1
蠢蛋,1
幼儿园,1
永兴县,1
民宿,1
遗书,1
势力,1
车度,1
鼠蚁,1
异常情况,1
张尧,1
警钟,1
恩爱,1
太极,1
同龄人,1
海蓝,1
蓝圈,1
容纳,1
成本计算,1
被告,1
美景,1
对垒,1
中午饭,1
夫妻,1
韭菜,1
嗓子,1
慈善机构,1
普华永道,1
咸嘉湖,1
恶毒,1
高架路,1
名意,1
先租,1
烟头,1
打领带,1
心爱,1
边际,1
中车,1
展开攻势,1
俄网约车,1
客属,1
仙境,1
陈乔恩,1
旗城,1
小老头,1
构架,1
八素,1
正义,1
上学时,1
官博,1
白族,1
大唐,1
吉隆,1
上山,1
探险者,1
行将,1
小岳岳,1
版图,1
平原,1
先例,1
部落,1
棋盘,1
健身房,1
加粗,1
辰报,1
婚车,1
北胡,1
公爵,1
鸡公,1
篝火,1
组织协调,1
滚轮,1
山头,1
上鲁,1
白粉,1
拳馆,1
计文,1
调校,1
合肥人,1
重构,1
处理速度,1
农民工,1
科技馆,1
安全漏洞,1
午餐,1
干货,1
落基,1
江西,1
键盘,1
以色列,1
董哥,1
金手指,1
小鬼,1
咸宁,1
鸽子,1
需谨慎,1
情侣,1
钱儿,1
云彩,1
蓝本,1
中国工商银行,1
总分,1
布阵,1
电量,1
永恒不变,1
特莱斯,1
梅家,1
股份,1
国际化,1
重要性,1
威尔,1
茶道,1
进化版,1
烈山,1
汉司羽,1
一毛钱,1
百味,1
猫咪,1
人头费,1
南澳,1
会议室,1
不舍,1
路边花坛,1
小怪,1
商铺,1
品德,1
本区,1
黄金,1
猛料,1
毕静,1
车水马龙,1
武宿,1
幻化成,1
限号,1
蛇虫,1
维持秩序,1
帐户,1
胡焕庸,1
全提,1
过瘾,1
关键时刻,1
阶级,1
连车,1
小鱼儿,1
新址,1
中国电信,1
文案,1
高尔夫球,1
嫌贵,1
交通运输业,1
牛儿,1
背影,1
农场主,1
靓车,1
女友,1
春节假期,1
真情,1
码字,1
蕾丝,1
华新,1
农民,1
平均年龄,1
邹平县,1
殷勤,1
人权,1
高速路,1
摄影,1
塑料,1
两用车,1
玩手,1
小星星,1
庄子,1
萨德,1
张德芬,1
一审,1
数据库,1
进度条,1
参政,1
拳坛,1
投入使用,1
粉丝团,1
市政,1
政治家,1
消息人士,1
空乘,1
结局,1
牢记,1
共情,1
一汽大众,1
老式,1
鼻子,1
轻骑,1
嫁衣,1
大拇指,1
因故,1
暖色调,1
狗屎,1
代表作,1
克拉,1
法院,1
衙门,1
优质服务,1
踩油门,1
内部人员,1
数额,1
文静,1
基本功,1
整体素质,1
保险费,1
围观,1
骨头,1
门诊部,1
茶树,1
平易近人,1
安国,1
洛江店,1
姜堰市,1
黄线,1
原力,1
地c,1
圣典,1
周新苑,1
性别,1
苦果,1
地理位置,1
燕赵,1
覆盖面,1
欧式,1
烧气,1
断点,1
嘉特,1
大话西游,1
围栏,1
回程,1
大车,1
合伙人,1
温言,1
巨变,1
小滴,1
秦皇岛,1
副本,1
作弊器,1
火患,1
全场,1
棉袄,1
乱码,1
海城市,1
价格低,1
阵容,1
取得联系,1
单行道,1
候灯,1
屋面,1
个人卫生,1
奇闻,1
蜜蜂,1
红盖头,1
爱多,1
赵某,1
路途,1
科山,1
蜀山,1
安第斯山脉,1
市政府,1
舒适型,1
渣男,1
转塘,1
右臂,1
巴士,1
口说,1
管理系统,1
卫生局,1
点歌,1
重金,1
五岳,1
无门,1
凯莱,1
小组,1
车户,1
红唇,1
地域,1
广厦,1
象征性,1
老两口,1
热点新闻,1
支付现金,1
硬性,1
课本,1
碎片,1
车友,1
峰峰,1
广州市,1
东北,1
心脏病,1
夜幕降临,1
花点,1
子孙,1
互通,1
绿帽子,1
魔王,1
商圈,1
收时长,1
省高院,1
白云路,1
小铺,1
王子,1
萧楚生,1
骑手,1
沙漠,1
碾压,1
满城,1
模型,1
霸州市,1
洗脑,1
放鞭炮,1
锁具,1
中国政府,1
天猫,1
芯片,1
工商,1
上周二,1
区分,1
对话框,1
背境,1
先盖,1
兴宁,1
许魏洲,1
招人,1
艺术大师,1
饭碗,1
龙山寺,1
疯子,1
南京市,1
将本作,1
桐庐县,1
人事,1
带子,1
歌声,1
直属,1
竞争力,1
羽毛球拍,1
意大利,1
海参,1
缺位,1
铁拳,1
高者,1
乱罚款,1
壮美,1
校长,1
火山,1
传声筒,1
呆子,1
帮帮我,1
鲜血,1
漠视,1
迈巴赫,1
红花,1
乌海,1
预付款,1
车灯,1
火气,1
保岛,1
银川,1
广告词,1
死脑筋,1
偶然间,1
城市边缘,1
名人,1
刘振华,1
管理层,1
玩意儿,1
蘑菇,1
强制性,1
高额,1
玻璃,1
格局,1
四颗星,1
身世,1
天街,1
地说,1
个性化,1
竖屏,1
款式,1
王府,1
花香,1
新元素,1
信任度,1
图书馆,1
等程,1
云路,1
胆子,1
白领,1
摆渡人,1
处分,1
发群,1
海口市,1
城单,1
和稀泥,1
效益,1
阿禄,1
虚构,1
银保监,1
好下场,1
门把手,1
看运气,1
抢占市场,1
远洋,1
卵用,1
拼单,1
翱翎,1
半车,1
金海岸,1
洛斯,1
北平,1
溪湖,1
营运证,1
试点,1
村落,1
硬生生,1
主管,1
云河,1
事关,1
对代,1
加点,1
帕加迪,1
贝壳类,1
货款,1
华联商厦,1
台北,1
古代文明,1
交叉口,1
建筑群,1
主观,1
阿酷,1
无人驾驶,1
乐清,1
澎拜,1
启程,1
小杜,1
班子,1
真实感,1
异域,1
金属,1
双生,1
诺亚方舟,1
苏怡,1
宇航员,1
饲料原料,1
中路,1
野渡,1
服务提供商,1
方圆,1
所指,1
盛产,1
适应能力,1
资讯,1
巴中,1
天会,1
一剑,1
维修服务,1
团体,1
卡奇诺,1
驴车,1
聊天记录,1
铁血,1
天害,1
富商,1
泡儿,1
阳朔,1
高欣,1
庆丰,1
建模,1
马斯克,1
资源配置,1
顶风,1
中白,1
齐齐哈尔,1
众志成城,1
笑点,1
负面影响,1
个体户,1
富甲一方,1
类人,1
闻闻,1
先行,1
单品,1
旷课,1
巴拿马,1
有益,1
晚集,1
大转弯,1
警卫,1
营业厅,1
散场,1
一众,1
惠济,1
天一阁,1
